,L,Beta,Sheet ID,Sheet Name,N,PhiMatrix0,PhiMatrix1,PhiMatrix2,PhiMatrix3,PhiMatrix4,PhiMatrix5,PhiMatrix6,PhiMatrix7,PhiMatrix8,PhiMatrix9,PhiMatrix10,PhiMatrix11,PhiMatrix12,PhiMatrix13,PhiMatrix14,PhiMatrix15,PhiMatrix16,PhiMatrix17,PhiMatrix18,PhiMatrix19,PhiMatrix20,PhiMatrix21,PhiMatrix22,PhiMatrix23,PhiMatrix24,PhiMatrix25,PhiMatrix26,PhiMatrix27,PhiMatrix28,PhiMatrix29,PhiMatrix30,PhiMatrix31,PhiMatrix32,PhiMatrix33,PhiMatrix34,PhiMatrix35,PhiMatrix36,PhiMatrix37,PhiMatrix38,PhiMatrix39,PhiMatrix40,PhiMatrix41,PhiMatrix42,PhiMatrix43,PhiMatrix44,PhiMatrix45,PhiMatrix46,PhiMatrix47,PhiMatrix48,PhiMatrix49,PhiMatrix50,PhiMatrix51,PhiMatrix52,PhiMatrix53,PhiMatrix54,PhiMatrix55,PhiMatrix56,PhiMatrix57,PhiMatrix58,PhiMatrix59,PhiMatrix60,PhiMatrix61,PhiMatrix62,PhiMatrix63
0,6,0.1,0,horizontal,1200,360000.0,0.0,0.0,0.0,0.0,0.0,0.0,0.0,0.0,1040000.0,0.0,0.0,0.0,0.0,0.0,0.0,0.0,0.0,1160000.0,0.0,40000.0,0.0,0.0,0.0,0.0,0.0,0.0,2280000.0,0.0,160000.0,240000.0,0.0,0.0,0.0,40000.0,0.0,1680000.0,0.0,0.0,0.0,0.0,0.0,0.0,160000.0,0.0,2600000.0,120000.0,0.0,0.0,0.0,0.0,240000.0,0.0,120000.0,2600000.0,0.0,0.0,0.0,0.0,0.0,0.0,0.0,0.0,10920000.0
1,6,0.1,1,vertical,1200,960000.0,0.0,0.0,0.0,0.0,0.0,0.0,0.0,0.0,1000000.0,0.0,0.0,0.0,0.0,0.0,0.0,0.0,0.0,1600000.0,0.0,80000.0,0.0,0.0,0.0,0.0,0.0,0.0,2840000.0,0.0,360000.0,120000.0,0.0,0.0,0.0,80000.0,0.0,920000.0,0.0,0.0,0.0,0.0,0.0,0.0,360000.0,0.0,4240000.0,120000.0,0.0,0.0,0.0,0.0,120000.0,0.0,120000.0,2680000.0,0.0,0.0,0.0,0.0,0.0,0.0,0.0,0.0,8480000.0
2,6,0.1,2,h and v,7200,3400000.0,0.0,0.0,0.0,0.0,0.0,0.0,0.0,0.0,7240000.0,240000.0,0.0,40000.0,0.0,0.0,0.0,0.0,240000.0,7320000.0,0.0,280000.0,0.0,0.0,0.0,0.0,0.0,0.0,17800000.0,0.0,1240000.0,680000.0,0.0,0.0,40000.0,280000.0,0.0,8040000.0,0.0,0.0,0.0,0.0,0.0,0.0,1240000.0,0.0,17640000.0,640000.0,0.0,0.0,0.0,0.0,680000.0,0.0,640000.0,16360000.0,0.0,0.0,0.0,0.0,0.0,0.0,0.0,0.0,53480000.0
3,6,0.1,3,random p=0.0,200,40000.0,0.0,0.0,0.0,0.0,0.0,0.0,0.0,0.0,160000.0,0.0,0.0,0.0,0.0,0.0,0.0,0.0,0.0,80000.0,0.0,0.0,0.0,0.0,0.0,0.0,0.0,0.0,320000.0,0.0,120000.0,0.0,0.0,0.0,0.0,0.0,0.0,120000.0,0.0,0.0,0.0,0.0,0.0,0.0,120000.0,0.0,440000.0,0.0,0.0,0.0,0.0,0.0,0.0,0.0,0.0,560000.0,0.0,0.0,0.0,0.0,0.0,0.0,0.0,0.0,2280000.0
4,6,0.1,4,random p=0.1,200,120000.0,0.0,0.0,0.0,0.0,0.0,0.0,0.0,0.0,80000.0,0.0,0.0,0.0,0.0,0.0,0.0,0.0,0.0,320000.0,0.0,0.0,0.0,0.0,0.0,0.0,0.0,0.0,400000.0,0.0,40000.0,40000.0,0.0,0.0,0.0,0.0,0.0,160000.0,0.0,0.0,0.0,0.0,0.0,0.0,40000.0,0.0,800000.0,0.0,0.0,0.0,0.0,0.0,40000.0,0.0,0.0,280000.0,0.0,0.0,0.0,0.0,0.0,0.0,0.0,0.0,1840000.0
5,6,0.1,5,random p=0.2,200,120000.0,0.0,0.0,0.0,0.0,0.0,0.0,0.0,0.0,120000.0,0.0,0.0,40000.0,0.0,0.0,0.0,0.0,0.0,160000.0,0.0,0.0,0.0,0.0,0.0,0.0,0.0,0.0,520000.0,0.0,120000.0,40000.0,0.0,0.0,40000.0,0.0,0.0,80000.0,0.0,0.0,0.0,0.0,0.0,0.0,120000.0,0.0,480000.0,0.0,0.0,0.0,0.0,0.0,40000.0,0.0,0.0,560000.0,0.0,0.0,0.0,0.0,0.0,0.0,0.0,0.0,1480000.0
6,6,0.1,6,random p=0.30000000000000004,200,120000.0,0.0,0.0,0.0,0.0,0.0,0.0,0.0,0.0,240000.0,0.0,0.0,0.0,0.0,0.0,0.0,0.0,0.0,400000.0,0.0,0.0,0.0,0.0,0.0,0.0,0.0,0.0,360000.0,0.0,0.0,0.0,0.0,0.0,0.0,0.0,0.0,280000.0,0.0,0.0,0.0,0.0,0.0,0.0,0.0,0.0,280000.0,40000.0,0.0,0.0,0.0,0.0,0.0,0.0,40000.0,520000.0,0.0,0.0,0.0,0.0,0.0,0.0,0.0,0.0,1160000.0
7,6,0.1,7,random p=0.4,200,120000.0,0.0,0.0,0.0,0.0,0.0,0.0,0.0,0.0,120000.0,0.0,0.0,0.0,0.0,0.0,0.0,0.0,0.0,120000.0,0.0,0.0,0.0,0.0,0.0,0.0,0.0,0.0,280000.0,0.0,40000.0,0.0,0.0,0.0,0.0,0.0,0.0,120000.0,0.0,0.0,0.0,0.0,0.0,0.0,40000.0,0.0,480000.0,0.0,0.0,0.0,0.0,0.0,0.0,0.0,0.0,160000.0,0.0,0.0,0.0,0.0,0.0,0.0,0.0,0.0,5560000.0
8,6,0.1,8,random p=0.5,200,280000.0,0.0,0.0,0.0,0.0,0.0,0.0,0.0,0.0,200000.0,0.0,0.0,40000.0,0.0,0.0,0.0,0.0,0.0,200000.0,0.0,0.0,0.0,0.0,0.0,0.0,0.0,0.0,840000.0,0.0,80000.0,0.0,0.0,0.0,40000.0,0.0,0.0,240000.0,0.0,0.0,0.0,0.0,0.0,0.0,80000.0,0.0,360000.0,0.0,0.0,0.0,0.0,0.0,0.0,0.0,0.0,360000.0,0.0,0.0,0.0,0.0,0.0,0.0,0.0,0.0,1120000.0
9,6,0.1,9,random p=0.6000000000000001,200,160000.0,0.0,0.0,0.0,0.0,0.0,0.0,0.0,0.0,120000.0,40000.0,0.0,0.0,0.0,0.0,0.0,0.0,40000.0,240000.0,0.0,0.0,0.0,0.0,0.0,0.0,0.0,0.0,320000.0,0.0,40000.0,0.0,0.0,0.0,0.0,0.0,0.0,40000.0,0.0,0.0,0.0,0.0,0.0,0.0,40000.0,0.0,440000.0,0.0,0.0,0.0,0.0,0.0,0.0,0.0,0.0,440000.0,0.0,0.0,0.0,0.0,0.0,0.0,0.0,0.0,2560000.0
10,6,0.1,10,random p=0.7000000000000001,200,160000.0,0.0,0.0,0.0,0.0,0.0,0.0,0.0,0.0,240000.0,40000.0,0.0,0.0,0.0,0.0,0.0,0.0,40000.0,240000.0,0.0,0.0,0.0,0.0,0.0,0.0,0.0,0.0,480000.0,0.0,80000.0,0.0,0.0,0.0,0.0,0.0,0.0,280000.0,0.0,0.0,0.0,0.0,0.0,0.0,80000.0,0.0,360000.0,0.0,0.0,0.0,0.0,0.0,0.0,0.0,0.0,280000.0,0.0,0.0,0.0,0.0,0.0,0.0,0.0,0.0,1880000.0
11,6,0.2,0,horizontal,1200,120000.0,0.0,0.0,0.0,0.0,0.0,0.0,0.0,0.0,440000.0,0.0,0.0,0.0,0.0,0.0,0.0,0.0,0.0,320000.0,0.0,0.0,0.0,0.0,0.0,0.0,0.0,0.0,2200000.0,0.0,160000.0,160000.0,0.0,0.0,0.0,0.0,0.0,440000.0,0.0,0.0,0.0,0.0,0.0,0.0,160000.0,0.0,2600000.0,40000.0,0.0,0.0,0.0,0.0,160000.0,0.0,40000.0,2440000.0,0.0,0.0,0.0,0.0,0.0,0.0,0.0,0.0,29280000.0
12,6,0.2,1,vertical,1200,200000.0,0.0,0.0,0.0,0.0,0.0,0.0,0.0,0.0,560000.0,0.0,0.0,0.0,0.0,0.0,0.0,0.0,0.0,720000.0,0.0,0.0,0.0,0.0,0.0,0.0,0.0,0.0,2240000.0,0.0,200000.0,40000.0,0.0,0.0,0.0,0.0,0.0,640000.0,0.0,0.0,0.0,0.0,0.0,0.0,200000.0,0.0,2440000.0,80000.0,0.0,0.0,0.0,0.0,40000.0,0.0,80000.0,2320000.0,0.0,0.0,0.0,0.0,0.0,0.0,0.0,0.0,25200000.0
13,6,0.2,2,h and v,7200,800000.0,0.0,0.0,0.0,0.0,0.0,0.0,0.0,0.0,2960000.0,200000.0,0.0,0.0,0.0,0.0,0.0,0.0,200000.0,2640000.0,0.0,40000.0,0.0,0.0,0.0,0.0,0.0,0.0,11840000.0,0.0,1640000.0,480000.0,0.0,0.0,0.0,40000.0,0.0,3480000.0,0.0,0.0,0.0,0.0,0.0,0.0,1640000.0,0.0,14720000.0,680000.0,0.0,0.0,0.0,0.0,480000.0,0.0,680000.0,12080000.0,0.0,0.0,0.0,0.0,0.0,0.0,0.0,0.0,193560000.0
14,6,0.2,3,random p=0.0,200,40000.0,0.0,0.0,0.0,0.0,0.0,0.0,0.0,0.0,0.0,0.0,0.0,0.0,0.0,0.0,0.0,0.0,0.0,0.0,0.0,0.0,0.0,0.0,0.0,0.0,0.0,0.0,40000.0,0.0,0.0,0.0,0.0,0.0,0.0,0.0,0.0,0.0,0.0,0.0,0.0,0.0,0.0,0.0,0.0,0.0,0.0,0.0,0.0,0.0,0.0,0.0,0.0,0.0,0.0,160000.0,0.0,0.0,0.0,0.0,0.0,0.0,0.0,0.0,67440000.0
15,6,0.2,4,random p=0.1,200,0.0,0.0,0.0,0.0,0.0,0.0,0.0,0.0,0.0,80000.0,0.0,0.0,0.0,0.0,0.0,0.0,0.0,0.0,40000.0,0.0,0.0,0.0,0.0,0.0,0.0,0.0,0.0,560000.0,0.0,120000.0,0.0,0.0,0.0,0.0,0.0,0.0,80000.0,0.0,0.0,0.0,0.0,0.0,0.0,120000.0,0.0,560000.0,0.0,0.0,0.0,0.0,0.0,0.0,0.0,0.0,400000.0,0.0,0.0,0.0,0.0,0.0,0.0,0.0,0.0,3320000.0
16,6,0.2,5,random p=0.2,200,0.0,0.0,0.0,0.0,0.0,0.0,0.0,0.0,0.0,120000.0,0.0,0.0,0.0,0.0,0.0,0.0,0.0,0.0,120000.0,0.0,0.0,0.0,0.0,0.0,0.0,0.0,0.0,120000.0,0.0,80000.0,0.0,0.0,0.0,0.0,0.0,0.0,80000.0,0.0,0.0,0.0,0.0,0.0,0.0,80000.0,0.0,320000.0,40000.0,0.0,0.0,0.0,0.0,0.0,0.0,40000.0,360000.0,0.0,0.0,0.0,0.0,0.0,0.0,0.0,0.0,28800000.0
17,6,0.2,6,random p=0.30000000000000004,200,0.0,0.0,0.0,0.0,0.0,0.0,0.0,0.0,0.0,40000.0,0.0,0.0,0.0,0.0,0.0,0.0,0.0,0.0,40000.0,0.0,0.0,0.0,0.0,0.0,0.0,0.0,0.0,360000.0,0.0,0.0,40000.0,0.0,0.0,0.0,0.0,0.0,40000.0,0.0,0.0,0.0,0.0,0.0,0.0,0.0,0.0,200000.0,40000.0,0.0,0.0,0.0,0.0,40000.0,0.0,40000.0,160000.0,0.0,0.0,0.0,0.0,0.0,0.0,0.0,0.0,19240000.0
18,6,0.2,7,random p=0.4,200,0.0,0.0,0.0,0.0,0.0,0.0,0.0,0.0,0.0,0.0,0.0,0.0,0.0,0.0,0.0,0.0,0.0,0.0,80000.0,0.0,0.0,0.0,0.0,0.0,0.0,0.0,0.0,280000.0,0.0,0.0,40000.0,0.0,0.0,0.0,0.0,0.0,40000.0,0.0,0.0,0.0,0.0,0.0,0.0,0.0,0.0,520000.0,0.0,0.0,0.0,0.0,0.0,40000.0,0.0,0.0,400000.0,0.0,0.0,0.0,0.0,0.0,0.0,0.0,0.0,5960000.0
19,6,0.2,8,random p=0.5,200,0.0,0.0,0.0,0.0,0.0,0.0,0.0,0.0,0.0,40000.0,0.0,0.0,0.0,0.0,0.0,0.0,0.0,0.0,80000.0,0.0,0.0,0.0,0.0,0.0,0.0,0.0,0.0,440000.0,0.0,0.0,0.0,0.0,0.0,0.0,0.0,0.0,80000.0,0.0,0.0,0.0,0.0,0.0,0.0,0.0,0.0,400000.0,0.0,0.0,0.0,0.0,0.0,0.0,0.0,0.0,280000.0,0.0,0.0,0.0,0.0,0.0,0.0,0.0,0.0,4600000.0
20,6,0.2,9,random p=0.6000000000000001,200,40000.0,0.0,0.0,0.0,0.0,0.0,0.0,0.0,0.0,240000.0,0.0,0.0,0.0,0.0,0.0,0.0,0.0,0.0,120000.0,0.0,0.0,0.0,0.0,0.0,0.0,0.0,0.0,840000.0,0.0,0.0,0.0,0.0,0.0,0.0,0.0,0.0,80000.0,0.0,0.0,0.0,0.0,0.0,0.0,0.0,0.0,480000.0,40000.0,0.0,0.0,0.0,0.0,0.0,0.0,40000.0,320000.0,0.0,0.0,0.0,0.0,0.0,0.0,0.0,0.0,2040000.0
21,6,0.2,10,random p=0.7000000000000001,200,0.0,0.0,0.0,0.0,0.0,0.0,0.0,0.0,0.0,40000.0,0.0,0.0,0.0,0.0,0.0,0.0,0.0,0.0,80000.0,0.0,0.0,0.0,0.0,0.0,0.0,0.0,0.0,440000.0,0.0,40000.0,80000.0,0.0,0.0,0.0,0.0,0.0,0.0,0.0,0.0,0.0,0.0,0.0,0.0,40000.0,0.0,320000.0,0.0,0.0,0.0,0.0,0.0,80000.0,0.0,0.0,280000.0,0.0,0.0,0.0,0.0,0.0,0.0,0.0,0.0,6280000.0
22,6,0.3,0,horizontal,1200,200000.0,0.0,0.0,0.0,0.0,0.0,0.0,0.0,0.0,160000.0,0.0,0.0,0.0,0.0,0.0,0.0,0.0,0.0,80000.0,0.0,0.0,0.0,0.0,0.0,0.0,0.0,0.0,1560000.0,0.0,200000.0,40000.0,0.0,0.0,0.0,0.0,0.0,160000.0,0.0,0.0,0.0,0.0,0.0,0.0,200000.0,0.0,1280000.0,40000.0,0.0,0.0,0.0,0.0,40000.0,0.0,40000.0,1840000.0,0.0,0.0,0.0,0.0,0.0,0.0,0.0,0.0,47680000.0
23,6,0.3,1,vertical,1200,0.0,0.0,0.0,0.0,0.0,0.0,0.0,0.0,0.0,160000.0,0.0,0.0,0.0,0.0,0.0,0.0,0.0,0.0,200000.0,0.0,0.0,0.0,0.0,0.0,0.0,0.0,0.0,1360000.0,0.0,0.0,160000.0,0.0,0.0,0.0,0.0,0.0,280000.0,0.0,0.0,0.0,0.0,0.0,0.0,0.0,0.0,1800000.0,120000.0,0.0,0.0,0.0,0.0,160000.0,0.0,120000.0,2120000.0,0.0,0.0,0.0,0.0,0.0,0.0,0.0,0.0,119920000.0
24,6,0.3,2,h and v,7200,240000.0,0.0,0.0,0.0,0.0,0.0,0.0,0.0,0.0,1600000.0,160000.0,0.0,0.0,0.0,0.0,0.0,0.0,160000.0,1480000.0,0.0,40000.0,0.0,0.0,0.0,0.0,0.0,0.0,10960000.0,0.0,2520000.0,560000.0,0.0,0.0,0.0,40000.0,0.0,1720000.0,0.0,0.0,0.0,0.0,0.0,0.0,2520000.0,0.0,12280000.0,760000.0,0.0,0.0,0.0,0.0,560000.0,0.0,760000.0,8760000.0,0.0,0.0,0.0,0.0,0.0,0.0,0.0,0.0,281360000.0
25,6,0.3,3,random p=0.0,200,0.0,0.0,0.0,0.0,0.0,0.0,0.0,0.0,0.0,0.0,0.0,0.0,0.0,0.0,0.0,0.0,0.0,0.0,0.0,0.0,0.0,0.0,0.0,0.0,0.0,0.0,0.0,0.0,0.0,0.0,0.0,0.0,0.0,0.0,0.0,0.0,0.0,0.0,0.0,0.0,0.0,0.0,0.0,0.0,0.0,0.0,0.0,0.0,0.0,0.0,0.0,0.0,0.0,0.0,0.0,0.0,0.0,0.0,0.0,0.0,0.0,0.0,0.0,207360000.0
26,6,0.3,4,random p=0.1,200,0.0,0.0,0.0,0.0,0.0,0.0,0.0,0.0,0.0,80000.0,0.0,0.0,0.0,0.0,0.0,0.0,0.0,0.0,0.0,0.0,0.0,0.0,0.0,0.0,0.0,0.0,0.0,160000.0,0.0,0.0,0.0,0.0,0.0,0.0,0.0,0.0,80000.0,0.0,0.0,0.0,0.0,0.0,0.0,0.0,0.0,360000.0,0.0,0.0,0.0,0.0,0.0,0.0,0.0,0.0,120000.0,0.0,0.0,0.0,0.0,0.0,0.0,0.0,0.0,39200000.0
27,6,0.3,5,random p=0.2,200,0.0,0.0,0.0,0.0,0.0,0.0,0.0,0.0,0.0,40000.0,0.0,0.0,0.0,0.0,0.0,0.0,0.0,0.0,0.0,0.0,0.0,0.0,0.0,0.0,0.0,0.0,0.0,360000.0,0.0,0.0,40000.0,0.0,0.0,0.0,0.0,0.0,40000.0,0.0,0.0,0.0,0.0,0.0,0.0,0.0,0.0,240000.0,40000.0,0.0,0.0,0.0,0.0,40000.0,0.0,40000.0,360000.0,0.0,0.0,0.0,0.0,0.0,0.0,0.0,0.0,6320000.0
28,6,0.3,6,random p=0.30000000000000004,200,0.0,0.0,0.0,0.0,0.0,0.0,0.0,0.0,0.0,80000.0,0.0,0.0,0.0,0.0,0.0,0.0,0.0,0.0,40000.0,0.0,0.0,0.0,0.0,0.0,0.0,0.0,0.0,160000.0,0.0,40000.0,0.0,0.0,0.0,0.0,0.0,0.0,0.0,0.0,0.0,0.0,0.0,0.0,0.0,40000.0,0.0,160000.0,0.0,0.0,0.0,0.0,0.0,0.0,0.0,0.0,400000.0,0.0,0.0,0.0,0.0,0.0,0.0,0.0,0.0,11160000.0
29,6,0.3,7,random p=0.4,200,0.0,0.0,0.0,0.0,0.0,0.0,0.0,0.0,0.0,0.0,0.0,0.0,0.0,0.0,0.0,0.0,0.0,0.0,40000.0,0.0,0.0,0.0,0.0,0.0,0.0,0.0,0.0,120000.0,0.0,0.0,0.0,0.0,0.0,0.0,0.0,0.0,40000.0,0.0,0.0,0.0,0.0,0.0,0.0,0.0,0.0,200000.0,80000.0,0.0,0.0,0.0,0.0,0.0,0.0,80000.0,160000.0,0.0,0.0,0.0,0.0,0.0,0.0,0.0,0.0,72800000.0
30,6,0.3,8,random p=0.5,200,40000.0,0.0,0.0,0.0,0.0,0.0,0.0,0.0,0.0,0.0,0.0,0.0,0.0,0.0,0.0,0.0,0.0,0.0,0.0,0.0,0.0,0.0,0.0,0.0,0.0,0.0,0.0,40000.0,0.0,0.0,0.0,0.0,0.0,0.0,0.0,0.0,0.0,0.0,0.0,0.0,0.0,0.0,0.0,0.0,0.0,40000.0,0.0,0.0,0.0,0.0,0.0,0.0,0.0,0.0,40000.0,0.0,0.0,0.0,0.0,0.0,0.0,0.0,0.0,97840000.0
31,6,0.3,9,random p=0.6000000000000001,200,0.0,0.0,0.0,0.0,0.0,0.0,0.0,0.0,0.0,40000.0,0.0,0.0,0.0,0.0,0.0,0.0,0.0,0.0,0.0,0.0,0.0,0.0,0.0,0.0,0.0,0.0,0.0,200000.0,0.0,0.0,0.0,0.0,0.0,0.0,0.0,0.0,0.0,0.0,0.0,0.0,0.0,0.0,0.0,0.0,0.0,120000.0,0.0,0.0,0.0,0.0,0.0,0.0,0.0,0.0,160000.0,0.0,0.0,0.0,0.0,0.0,0.0,0.0,0.0,22440000.0
32,6,0.3,10,random p=0.7000000000000001,200,0.0,0.0,0.0,0.0,0.0,0.0,0.0,0.0,0.0,80000.0,0.0,0.0,0.0,0.0,0.0,0.0,0.0,0.0,40000.0,0.0,0.0,0.0,0.0,0.0,0.0,0.0,0.0,120000.0,0.0,0.0,0.0,0.0,0.0,0.0,0.0,0.0,80000.0,0.0,0.0,0.0,0.0,0.0,0.0,0.0,0.0,80000.0,0.0,0.0,0.0,0.0,0.0,0.0,0.0,0.0,120000.0,0.0,0.0,0.0,0.0,0.0,0.0,0.0,0.0,29320000.0
33,6,0.4,0,horizontal,1200,0.0,0.0,0.0,0.0,0.0,0.0,0.0,0.0,0.0,40000.0,0.0,0.0,0.0,0.0,0.0,0.0,0.0,0.0,120000.0,0.0,0.0,0.0,0.0,0.0,0.0,0.0,0.0,1520000.0,0.0,160000.0,120000.0,0.0,0.0,0.0,0.0,0.0,160000.0,0.0,0.0,0.0,0.0,0.0,0.0,160000.0,0.0,1520000.0,120000.0,0.0,0.0,0.0,0.0,120000.0,0.0,120000.0,1680000.0,0.0,0.0,0.0,0.0,0.0,0.0,0.0,0.0,49680000.0
34,6,0.4,1,vertical,1200,0.0,0.0,0.0,0.0,0.0,0.0,0.0,0.0,0.0,80000.0,0.0,0.0,0.0,0.0,0.0,0.0,0.0,0.0,120000.0,0.0,0.0,0.0,0.0,0.0,0.0,0.0,0.0,1320000.0,0.0,80000.0,80000.0,0.0,0.0,0.0,0.0,0.0,240000.0,0.0,0.0,0.0,0.0,0.0,0.0,80000.0,0.0,2760000.0,200000.0,0.0,0.0,0.0,0.0,80000.0,0.0,200000.0,1680000.0,0.0,0.0,0.0,0.0,0.0,0.0,0.0,0.0,217320000.0
35,6,0.4,2,h and v,7200,80000.0,0.0,0.0,0.0,0.0,0.0,0.0,0.0,0.0,680000.0,0.0,0.0,0.0,0.0,0.0,0.0,0.0,0.0,1280000.0,40000.0,0.0,40000.0,0.0,0.0,0.0,0.0,40000.0,9600000.0,0.0,3520000.0,400000.0,0.0,0.0,0.0,0.0,0.0,920000.0,0.0,0.0,0.0,0.0,0.0,40000.0,3520000.0,0.0,12600000.0,1000000.0,0.0,0.0,0.0,0.0,400000.0,0.0,1000000.0,8520000.0,0.0,0.0,0.0,0.0,0.0,0.0,0.0,0.0,312000000.0
36,6,0.4,3,random p=0.0,200,0.0,0.0,0.0,0.0,0.0,0.0,0.0,0.0,0.0,0.0,0.0,0.0,0.0,0.0,0.0,0.0,0.0,0.0,0.0,0.0,0.0,0.0,0.0,0.0,0.0,0.0,0.0,0.0,0.0,0.0,0.0,0.0,0.0,0.0,0.0,0.0,0.0,0.0,0.0,0.0,0.0,0.0,0.0,0.0,0.0,0.0,0.0,0.0,0.0,0.0,0.0,0.0,0.0,0.0,0.0,0.0,0.0,0.0,0.0,0.0,0.0,0.0,0.0,207360000.0
37,6,0.4,4,random p=0.1,200,40000.0,0.0,0.0,0.0,0.0,0.0,0.0,0.0,0.0,40000.0,0.0,0.0,0.0,0.0,0.0,0.0,0.0,0.0,40000.0,0.0,0.0,0.0,0.0,0.0,0.0,0.0,0.0,240000.0,0.0,0.0,40000.0,0.0,0.0,0.0,0.0,0.0,0.0,0.0,0.0,0.0,0.0,0.0,0.0,0.0,0.0,440000.0,0.0,0.0,0.0,0.0,0.0,40000.0,0.0,0.0,240000.0,0.0,0.0,0.0,0.0,0.0,0.0,0.0,0.0,8640000.0
38,6,0.4,5,random p=0.2,200,40000.0,0.0,0.0,0.0,0.0,0.0,0.0,0.0,0.0,0.0,0.0,0.0,0.0,0.0,0.0,0.0,0.0,0.0,0.0,0.0,0.0,0.0,0.0,0.0,0.0,0.0,0.0,40000.0,0.0,0.0,0.0,0.0,0.0,0.0,0.0,0.0,0.0,0.0,0.0,0.0,0.0,0.0,0.0,0.0,0.0,40000.0,0.0,0.0,0.0,0.0,0.0,0.0,0.0,0.0,40000.0,0.0,0.0,0.0,0.0,0.0,0.0,0.0,0.0,69840000.0
39,6,0.4,6,random p=0.30000000000000004,200,0.0,0.0,0.0,0.0,0.0,0.0,0.0,0.0,0.0,40000.0,0.0,0.0,0.0,0.0,0.0,0.0,0.0,0.0,40000.0,0.0,0.0,0.0,0.0,0.0,0.0,0.0,0.0,120000.0,0.0,0.0,0.0,0.0,0.0,0.0,0.0,0.0,0.0,0.0,0.0,0.0,0.0,0.0,0.0,0.0,0.0,0.0,0.0,0.0,0.0,0.0,0.0,0.0,0.0,0.0,40000.0,0.0,0.0,0.0,0.0,0.0,0.0,0.0,0.0,114640000.0
40,6,0.4,7,random p=0.4,200,0.0,0.0,0.0,0.0,0.0,0.0,0.0,0.0,0.0,0.0,0.0,0.0,0.0,0.0,0.0,0.0,0.0,0.0,0.0,0.0,0.0,0.0,0.0,0.0,0.0,0.0,0.0,0.0,0.0,0.0,0.0,0.0,0.0,0.0,0.0,0.0,0.0,0.0,0.0,0.0,0.0,0.0,0.0,0.0,0.0,0.0,0.0,0.0,0.0,0.0,0.0,0.0,0.0,0.0,0.0,0.0,0.0,0.0,0.0,0.0,0.0,0.0,0.0,207360000.0
41,6,0.4,8,random p=0.5,200,0.0,0.0,0.0,0.0,0.0,0.0,0.0,0.0,0.0,0.0,0.0,0.0,0.0,0.0,0.0,0.0,0.0,0.0,0.0,0.0,0.0,0.0,0.0,0.0,0.0,0.0,0.0,0.0,0.0,0.0,0.0,0.0,0.0,0.0,0.0,0.0,0.0,0.0,0.0,0.0,0.0,0.0,0.0,0.0,0.0,0.0,0.0,0.0,0.0,0.0,0.0,0.0,0.0,0.0,0.0,0.0,0.0,0.0,0.0,0.0,0.0,0.0,0.0,207360000.0
42,6,0.4,9,random p=0.6000000000000001,200,0.0,0.0,0.0,0.0,0.0,0.0,0.0,0.0,0.0,0.0,0.0,0.0,0.0,0.0,0.0,0.0,0.0,0.0,0.0,0.0,0.0,0.0,0.0,0.0,0.0,0.0,0.0,0.0,0.0,0.0,0.0,0.0,0.0,0.0,0.0,0.0,0.0,0.0,0.0,0.0,0.0,0.0,0.0,0.0,0.0,0.0,0.0,0.0,0.0,0.0,0.0,0.0,0.0,0.0,0.0,0.0,0.0,0.0,0.0,0.0,0.0,0.0,0.0,207360000.0
43,6,0.4,10,random p=0.7000000000000001,200,0.0,0.0,0.0,0.0,0.0,0.0,0.0,0.0,0.0,0.0,0.0,0.0,0.0,0.0,0.0,0.0,0.0,0.0,0.0,0.0,0.0,0.0,0.0,0.0,0.0,0.0,0.0,320000.0,0.0,0.0,0.0,0.0,0.0,0.0,0.0,0.0,80000.0,0.0,0.0,0.0,0.0,0.0,0.0,0.0,0.0,120000.0,0.0,0.0,0.0,0.0,0.0,0.0,0.0,0.0,120000.0,0.0,0.0,0.0,0.0,0.0,0.0,0.0,0.0,23040000.0
44,6,0.5,0,horizontal,1200,0.0,0.0,0.0,0.0,0.0,0.0,0.0,0.0,0.0,0.0,0.0,0.0,0.0,0.0,0.0,0.0,0.0,0.0,120000.0,0.0,0.0,0.0,0.0,0.0,0.0,0.0,0.0,1320000.0,0.0,320000.0,80000.0,0.0,0.0,0.0,0.0,0.0,80000.0,0.0,0.0,0.0,0.0,0.0,0.0,320000.0,0.0,1720000.0,0.0,0.0,0.0,0.0,0.0,80000.0,0.0,0.0,1360000.0,0.0,0.0,0.0,0.0,0.0,0.0,0.0,0.0,58040000.0
45,6,0.5,1,vertical,1200,0.0,0.0,0.0,0.0,0.0,0.0,0.0,0.0,0.0,80000.0,0.0,0.0,0.0,0.0,0.0,0.0,0.0,0.0,160000.0,0.0,0.0,0.0,0.0,0.0,0.0,0.0,0.0,1680000.0,0.0,320000.0,40000.0,0.0,0.0,0.0,0.0,0.0,80000.0,0.0,0.0,0.0,0.0,0.0,0.0,320000.0,0.0,2040000.0,0.0,0.0,0.0,0.0,0.0,40000.0,0.0,0.0,1160000.0,0.0,0.0,0.0,0.0,0.0,0.0,0.0,0.0,341280000.0
46,6,0.5,2,h and v,7200,40000.0,0.0,0.0,0.0,0.0,0.0,0.0,0.0,0.0,560000.0,0.0,0.0,0.0,0.0,0.0,0.0,0.0,0.0,320000.0,0.0,0.0,0.0,0.0,0.0,0.0,0.0,0.0,10680000.0,0.0,4240000.0,560000.0,0.0,0.0,0.0,0.0,0.0,400000.0,0.0,0.0,0.0,0.0,0.0,0.0,4240000.0,0.0,11680000.0,1200000.0,0.0,0.0,0.0,0.0,560000.0,0.0,1200000.0,7360000.0,0.0,0.0,0.0,0.0,0.0,0.0,0.0,0.0,343520000.0
47,6,0.5,3,random p=0.0,200,0.0,0.0,0.0,0.0,0.0,0.0,0.0,0.0,0.0,0.0,0.0,0.0,0.0,0.0,0.0,0.0,0.0,0.0,0.0,0.0,0.0,0.0,0.0,0.0,0.0,0.0,0.0,0.0,0.0,0.0,0.0,0.0,0.0,0.0,0.0,0.0,0.0,0.0,0.0,0.0,0.0,0.0,0.0,0.0,0.0,0.0,0.0,0.0,0.0,0.0,0.0,0.0,0.0,0.0,0.0,0.0,0.0,0.0,0.0,0.0,0.0,0.0,0.0,207360000.0
48,6,0.5,4,random p=0.1,200,0.0,0.0,0.0,0.0,0.0,0.0,0.0,0.0,0.0,0.0,0.0,0.0,0.0,0.0,0.0,0.0,0.0,0.0,80000.0,0.0,0.0,0.0,0.0,0.0,0.0,0.0,0.0,200000.0,0.0,40000.0,0.0,0.0,0.0,0.0,0.0,0.0,40000.0,0.0,0.0,0.0,0.0,0.0,0.0,40000.0,0.0,240000.0,40000.0,0.0,0.0,0.0,0.0,0.0,0.0,40000.0,280000.0,0.0,0.0,0.0,0.0,0.0,0.0,0.0,0.0,35400000.0
49,6,0.5,5,random p=0.2,200,0.0,0.0,0.0,0.0,0.0,0.0,0.0,0.0,0.0,0.0,0.0,0.0,0.0,0.0,0.0,0.0,0.0,0.0,40000.0,0.0,0.0,0.0,0.0,0.0,0.0,0.0,0.0,40000.0,0.0,0.0,0.0,0.0,0.0,0.0,0.0,0.0,40000.0,0.0,0.0,0.0,0.0,0.0,0.0,0.0,0.0,80000.0,0.0,0.0,0.0,0.0,0.0,0.0,0.0,0.0,40000.0,0.0,0.0,0.0,0.0,0.0,0.0,0.0,0.0,66160000.0
50,6,0.5,6,random p=0.30000000000000004,200,0.0,0.0,0.0,0.0,0.0,0.0,0.0,0.0,0.0,0.0,0.0,0.0,0.0,0.0,0.0,0.0,0.0,0.0,0.0,0.0,0.0,0.0,0.0,0.0,0.0,0.0,0.0,0.0,0.0,0.0,0.0,0.0,0.0,0.0,0.0,0.0,0.0,0.0,0.0,0.0,0.0,0.0,0.0,0.0,0.0,0.0,0.0,0.0,0.0,0.0,0.0,0.0,0.0,0.0,0.0,0.0,0.0,0.0,0.0,0.0,0.0,0.0,0.0,207360000.0
51,6,0.5,7,random p=0.4,200,0.0,0.0,0.0,0.0,0.0,0.0,0.0,0.0,0.0,0.0,0.0,0.0,0.0,0.0,0.0,0.0,0.0,0.0,40000.0,0.0,0.0,0.0,0.0,0.0,0.0,0.0,0.0,80000.0,0.0,40000.0,0.0,0.0,0.0,0.0,0.0,0.0,40000.0,0.0,0.0,0.0,0.0,0.0,0.0,40000.0,0.0,40000.0,0.0,0.0,0.0,0.0,0.0,0.0,0.0,0.0,40000.0,0.0,0.0,0.0,0.0,0.0,0.0,0.0,0.0,101680000.0
52,6,0.5,8,random p=0.5,200,0.0,0.0,0.0,0.0,0.0,0.0,0.0,0.0,0.0,40000.0,0.0,0.0,0.0,0.0,0.0,0.0,0.0,0.0,40000.0,0.0,0.0,0.0,0.0,0.0,0.0,0.0,0.0,80000.0,0.0,0.0,0.0,0.0,0.0,0.0,0.0,0.0,0.0,0.0,0.0,0.0,0.0,0.0,0.0,0.0,0.0,0.0,0.0,0.0,0.0,0.0,0.0,0.0,0.0,0.0,80000.0,0.0,0.0,0.0,0.0,0.0,0.0,0.0,0.0,72400000.0
53,6,0.5,9,random p=0.6000000000000001,200,0.0,0.0,0.0,0.0,0.0,0.0,0.0,0.0,0.0,40000.0,0.0,0.0,0.0,0.0,0.0,0.0,0.0,0.0,40000.0,0.0,0.0,0.0,0.0,0.0,0.0,0.0,0.0,80000.0,0.0,80000.0,0.0,0.0,0.0,0.0,0.0,0.0,0.0,0.0,0.0,0.0,0.0,0.0,0.0,80000.0,0.0,160000.0,0.0,0.0,0.0,0.0,0.0,0.0,0.0,0.0,80000.0,0.0,0.0,0.0,0.0,0.0,0.0,0.0,0.0,97600000.0
54,6,0.5,10,random p=0.7000000000000001,200,0.0,0.0,0.0,0.0,0.0,0.0,0.0,0.0,0.0,0.0,0.0,0.0,0.0,0.0,0.0,0.0,0.0,0.0,40000.0,0.0,0.0,0.0,0.0,0.0,0.0,0.0,0.0,40000.0,0.0,0.0,0.0,0.0,0.0,0.0,0.0,0.0,40000.0,0.0,0.0,0.0,0.0,0.0,0.0,0.0,0.0,40000.0,0.0,0.0,0.0,0.0,0.0,0.0,0.0,0.0,80000.0,0.0,0.0,0.0,0.0,0.0,0.0,0.0,0.0,80960000.0
55,6,0.6,0,horizontal,1200,0.0,0.0,0.0,0.0,0.0,0.0,0.0,0.0,0.0,80000.0,0.0,0.0,0.0,0.0,0.0,0.0,0.0,0.0,120000.0,0.0,0.0,0.0,0.0,0.0,0.0,0.0,0.0,1520000.0,0.0,360000.0,160000.0,0.0,0.0,0.0,0.0,0.0,40000.0,0.0,0.0,0.0,0.0,0.0,0.0,360000.0,0.0,1440000.0,80000.0,0.0,0.0,0.0,0.0,160000.0,0.0,80000.0,1600000.0,0.0,0.0,0.0,0.0,0.0,0.0,0.0,0.0,53280000.0
56,6,0.6,1,vertical,1200,0.0,0.0,0.0,0.0,0.0,0.0,0.0,0.0,0.0,40000.0,0.0,0.0,0.0,0.0,0.0,0.0,0.0,0.0,40000.0,0.0,0.0,0.0,0.0,0.0,0.0,0.0,0.0,760000.0,0.0,120000.0,80000.0,0.0,0.0,0.0,0.0,0.0,40000.0,0.0,0.0,0.0,0.0,0.0,0.0,120000.0,0.0,3320000.0,320000.0,0.0,0.0,0.0,0.0,80000.0,0.0,320000.0,1600000.0,0.0,0.0,0.0,0.0,0.0,0.0,0.0,0.0,312200000.0
57,6,0.6,2,h and v,7200,0.0,0.0,0.0,0.0,0.0,0.0,0.0,0.0,0.0,560000.0,0.0,0.0,0.0,0.0,0.0,0.0,0.0,0.0,640000.0,40000.0,0.0,40000.0,0.0,0.0,0.0,0.0,40000.0,10200000.0,0.0,4040000.0,640000.0,0.0,0.0,0.0,0.0,0.0,600000.0,0.0,0.0,0.0,0.0,0.0,40000.0,4040000.0,0.0,9880000.0,1560000.0,0.0,0.0,0.0,0.0,640000.0,0.0,1560000.0,7040000.0,0.0,0.0,0.0,0.0,0.0,0.0,0.0,0.0,354360000.0
58,6,0.6,3,random p=0.0,200,0.0,0.0,0.0,0.0,0.0,0.0,0.0,0.0,0.0,40000.0,0.0,0.0,0.0,0.0,0.0,0.0,0.0,0.0,0.0,0.0,0.0,0.0,0.0,0.0,0.0,0.0,0.0,40000.0,0.0,0.0,0.0,0.0,0.0,0.0,0.0,0.0,40000.0,0.0,0.0,0.0,0.0,0.0,0.0,0.0,0.0,80000.0,0.0,0.0,0.0,0.0,0.0,0.0,0.0,0.0,40000.0,0.0,0.0,0.0,0.0,0.0,0.0,0.0,0.0,99120000.0
59,6,0.6,4,random p=0.1,200,0.0,0.0,0.0,0.0,0.0,0.0,0.0,0.0,0.0,0.0,0.0,0.0,0.0,0.0,0.0,0.0,0.0,0.0,0.0,0.0,0.0,0.0,0.0,0.0,0.0,0.0,0.0,160000.0,0.0,40000.0,40000.0,0.0,0.0,0.0,0.0,0.0,0.0,0.0,0.0,0.0,0.0,0.0,0.0,40000.0,0.0,120000.0,0.0,0.0,0.0,0.0,0.0,40000.0,0.0,0.0,200000.0,0.0,0.0,0.0,0.0,0.0,0.0,0.0,0.0,26560000.0
60,6,0.6,5,random p=0.2,200,0.0,0.0,0.0,0.0,0.0,0.0,0.0,0.0,0.0,0.0,0.0,0.0,0.0,0.0,0.0,0.0,0.0,0.0,40000.0,0.0,0.0,0.0,0.0,0.0,0.0,0.0,0.0,80000.0,0.0,0.0,0.0,0.0,0.0,0.0,0.0,0.0,40000.0,0.0,0.0,0.0,0.0,0.0,0.0,0.0,0.0,40000.0,0.0,0.0,0.0,0.0,0.0,0.0,0.0,0.0,200000.0,0.0,0.0,0.0,0.0,0.0,0.0,0.0,0.0,106320000.0
61,6,0.6,6,random p=0.30000000000000004,200,0.0,0.0,0.0,0.0,0.0,0.0,0.0,0.0,0.0,40000.0,0.0,0.0,40000.0,0.0,0.0,0.0,0.0,0.0,0.0,0.0,0.0,0.0,0.0,0.0,0.0,0.0,0.0,40000.0,0.0,0.0,0.0,0.0,0.0,40000.0,0.0,0.0,40000.0,0.0,0.0,0.0,0.0,0.0,0.0,0.0,0.0,40000.0,0.0,0.0,0.0,0.0,0.0,0.0,0.0,0.0,80000.0,0.0,0.0,0.0,0.0,0.0,0.0,0.0,0.0,74480000.0
62,6,0.6,7,random p=0.4,200,0.0,0.0,0.0,0.0,0.0,0.0,0.0,0.0,0.0,40000.0,0.0,0.0,0.0,0.0,0.0,0.0,0.0,0.0,40000.0,0.0,0.0,0.0,0.0,0.0,0.0,0.0,0.0,280000.0,0.0,40000.0,0.0,0.0,0.0,0.0,0.0,0.0,0.0,0.0,0.0,0.0,0.0,0.0,0.0,40000.0,0.0,160000.0,0.0,0.0,0.0,0.0,0.0,0.0,0.0,0.0,200000.0,0.0,0.0,0.0,0.0,0.0,0.0,0.0,0.0,22960000.0
63,6,0.6,8,random p=0.5,200,0.0,0.0,0.0,0.0,0.0,0.0,0.0,0.0,0.0,40000.0,0.0,0.0,0.0,0.0,0.0,0.0,0.0,0.0,40000.0,0.0,0.0,0.0,0.0,0.0,0.0,0.0,0.0,120000.0,0.0,0.0,0.0,0.0,0.0,0.0,0.0,0.0,80000.0,0.0,0.0,0.0,0.0,0.0,0.0,0.0,0.0,120000.0,0.0,0.0,0.0,0.0,0.0,0.0,0.0,0.0,240000.0,0.0,0.0,0.0,0.0,0.0,0.0,0.0,0.0,13760000.0
64,6,0.6,9,random p=0.6000000000000001,200,0.0,0.0,0.0,0.0,0.0,0.0,0.0,0.0,0.0,0.0,0.0,0.0,0.0,0.0,0.0,0.0,0.0,0.0,0.0,0.0,0.0,0.0,0.0,0.0,0.0,0.0,0.0,0.0,0.0,0.0,0.0,0.0,0.0,0.0,0.0,0.0,0.0,0.0,0.0,0.0,0.0,0.0,0.0,0.0,0.0,0.0,0.0,0.0,0.0,0.0,0.0,0.0,0.0,0.0,0.0,0.0,0.0,0.0,0.0,0.0,0.0,0.0,0.0,207360000.0
65,6,0.6,10,random p=0.7000000000000001,200,0.0,0.0,0.0,0.0,0.0,0.0,0.0,0.0,0.0,0.0,0.0,0.0,0.0,0.0,0.0,0.0,0.0,0.0,40000.0,0.0,0.0,0.0,0.0,0.0,0.0,0.0,0.0,120000.0,0.0,40000.0,0.0,0.0,0.0,0.0,0.0,0.0,40000.0,0.0,0.0,0.0,0.0,0.0,0.0,40000.0,0.0,40000.0,0.0,0.0,0.0,0.0,0.0,0.0,0.0,0.0,80000.0,0.0,0.0,0.0,0.0,0.0,0.0,0.0,0.0,50800000.0
66,6,0.7,0,horizontal,1200,0.0,0.0,0.0,0.0,0.0,0.0,0.0,0.0,0.0,40000.0,0.0,0.0,0.0,0.0,0.0,0.0,0.0,0.0,40000.0,0.0,0.0,0.0,0.0,0.0,0.0,0.0,0.0,1360000.0,0.0,240000.0,0.0,0.0,0.0,0.0,0.0,0.0,0.0,0.0,0.0,0.0,0.0,0.0,0.0,240000.0,0.0,960000.0,0.0,0.0,0.0,0.0,0.0,0.0,0.0,0.0,1440000.0,0.0,0.0,0.0,0.0,0.0,0.0,0.0,0.0,59200000.0
67,6,0.7,1,vertical,1200,0.0,0.0,0.0,0.0,0.0,0.0,0.0,0.0,0.0,0.0,0.0,0.0,0.0,0.0,0.0,0.0,0.0,0.0,0.0,0.0,0.0,0.0,0.0,0.0,0.0,0.0,0.0,1600000.0,0.0,80000.0,160000.0,0.0,0.0,0.0,0.0,0.0,0.0,0.0,0.0,0.0,0.0,0.0,0.0,80000.0,0.0,3800000.0,320000.0,0.0,0.0,0.0,0.0,160000.0,0.0,320000.0,1240000.0,0.0,0.0,0.0,0.0,0.0,0.0,0.0,0.0,533200000.0
68,6,0.7,2,h and v,7200,0.0,0.0,0.0,0.0,0.0,0.0,0.0,0.0,0.0,120000.0,0.0,0.0,0.0,0.0,0.0,0.0,0.0,0.0,120000.0,0.0,0.0,0.0,0.0,0.0,0.0,0.0,0.0,8920000.0,0.0,6280000.0,640000.0,0.0,0.0,0.0,0.0,0.0,160000.0,0.0,0.0,0.0,0.0,0.0,0.0,6280000.0,0.0,11080000.0,2720000.0,0.0,0.0,0.0,0.0,640000.0,0.0,2720000.0,6560000.0,0.0,0.0,0.0,0.0,0.0,0.0,0.0,0.0,459120000.0
69,6,0.7,3,random p=0.0,200,0.0,0.0,0.0,0.0,0.0,0.0,0.0,0.0,0.0,0.0,0.0,0.0,0.0,0.0,0.0,0.0,0.0,0.0,0.0,0.0,0.0,0.0,0.0,0.0,0.0,0.0,0.0,0.0,0.0,0.0,0.0,0.0,0.0,0.0,0.0,0.0,0.0,0.0,0.0,0.0,0.0,0.0,0.0,0.0,0.0,0.0,0.0,0.0,0.0,0.0,0.0,0.0,0.0,0.0,0.0,0.0,0.0,0.0,0.0,0.0,0.0,0.0,0.0,207360000.0
70,6,0.7,4,random p=0.1,200,0.0,0.0,0.0,0.0,0.0,0.0,0.0,0.0,0.0,0.0,0.0,0.0,0.0,0.0,0.0,0.0,0.0,0.0,0.0,0.0,0.0,0.0,0.0,0.0,0.0,0.0,0.0,0.0,0.0,0.0,0.0,0.0,0.0,0.0,0.0,0.0,0.0,0.0,0.0,0.0,0.0,0.0,0.0,0.0,0.0,0.0,0.0,0.0,0.0,0.0,0.0,0.0,0.0,0.0,0.0,0.0,0.0,0.0,0.0,0.0,0.0,0.0,0.0,207360000.0
71,6,0.7,5,random p=0.2,200,0.0,0.0,0.0,0.0,0.0,0.0,0.0,0.0,0.0,0.0,0.0,0.0,0.0,0.0,0.0,0.0,0.0,0.0,0.0,0.0,0.0,0.0,0.0,0.0,0.0,0.0,0.0,120000.0,0.0,0.0,0.0,0.0,0.0,0.0,0.0,0.0,0.0,0.0,0.0,0.0,0.0,0.0,0.0,0.0,0.0,120000.0,0.0,0.0,0.0,0.0,0.0,0.0,0.0,0.0,240000.0,0.0,0.0,0.0,0.0,0.0,0.0,0.0,0.0,64000000.0
72,6,0.7,6,random p=0.30000000000000004,200,0.0,0.0,0.0,0.0,0.0,0.0,0.0,0.0,0.0,0.0,0.0,0.0,0.0,0.0,0.0,0.0,0.0,0.0,40000.0,0.0,40000.0,0.0,0.0,0.0,0.0,0.0,0.0,240000.0,0.0,40000.0,0.0,0.0,0.0,0.0,40000.0,0.0,40000.0,0.0,0.0,0.0,0.0,0.0,0.0,40000.0,0.0,160000.0,0.0,0.0,0.0,0.0,0.0,0.0,0.0,0.0,160000.0,0.0,0.0,0.0,0.0,0.0,0.0,0.0,0.0,33120000.0
73,6,0.7,7,random p=0.4,200,0.0,0.0,0.0,0.0,0.0,0.0,0.0,0.0,0.0,0.0,0.0,0.0,0.0,0.0,0.0,0.0,0.0,0.0,40000.0,0.0,0.0,0.0,0.0,0.0,0.0,0.0,0.0,40000.0,0.0,0.0,0.0,0.0,0.0,0.0,0.0,0.0,40000.0,0.0,0.0,0.0,0.0,0.0,0.0,0.0,0.0,80000.0,0.0,0.0,0.0,0.0,0.0,0.0,0.0,0.0,120000.0,0.0,0.0,0.0,0.0,0.0,0.0,0.0,0.0,63440000.0
74,6,0.7,8,random p=0.5,200,0.0,0.0,0.0,0.0,0.0,0.0,0.0,0.0,0.0,40000.0,0.0,0.0,0.0,0.0,0.0,0.0,0.0,0.0,40000.0,0.0,0.0,0.0,0.0,0.0,0.0,0.0,0.0,80000.0,0.0,40000.0,0.0,0.0,0.0,0.0,0.0,0.0,0.0,0.0,0.0,0.0,0.0,0.0,0.0,40000.0,0.0,80000.0,0.0,0.0,0.0,0.0,0.0,0.0,0.0,0.0,0.0,0.0,0.0,0.0,0.0,0.0,0.0,0.0,0.0,64160000.0
75,6,0.7,9,random p=0.6000000000000001,200,0.0,0.0,0.0,0.0,0.0,0.0,0.0,0.0,0.0,0.0,0.0,0.0,0.0,0.0,0.0,0.0,0.0,0.0,40000.0,0.0,0.0,0.0,0.0,0.0,0.0,0.0,0.0,80000.0,0.0,0.0,0.0,0.0,0.0,0.0,0.0,0.0,40000.0,0.0,0.0,0.0,0.0,0.0,0.0,0.0,0.0,80000.0,0.0,0.0,0.0,0.0,0.0,0.0,0.0,0.0,0.0,0.0,0.0,0.0,0.0,0.0,0.0,0.0,0.0,106480000.0
76,6,0.7,10,random p=0.7000000000000001,200,0.0,0.0,0.0,0.0,0.0,0.0,0.0,0.0,0.0,0.0,0.0,0.0,0.0,0.0,0.0,0.0,0.0,0.0,0.0,0.0,0.0,0.0,0.0,0.0,0.0,0.0,0.0,0.0,0.0,0.0,0.0,0.0,0.0,0.0,0.0,0.0,0.0,0.0,0.0,0.0,0.0,0.0,0.0,0.0,0.0,0.0,0.0,0.0,0.0,0.0,0.0,0.0,0.0,0.0,0.0,0.0,0.0,0.0,0.0,0.0,0.0,0.0,0.0,207360000.0
77,6,0.8,0,horizontal,1200,0.0,0.0,0.0,0.0,0.0,0.0,0.0,0.0,0.0,0.0,0.0,0.0,0.0,0.0,0.0,0.0,0.0,0.0,0.0,0.0,0.0,0.0,0.0,0.0,0.0,0.0,0.0,1240000.0,0.0,160000.0,200000.0,0.0,0.0,0.0,0.0,0.0,120000.0,0.0,0.0,0.0,0.0,0.0,0.0,160000.0,0.0,800000.0,40000.0,0.0,0.0,0.0,0.0,200000.0,0.0,40000.0,1240000.0,0.0,0.0,0.0,0.0,0.0,0.0,0.0,0.0,64680000.0
78,6,0.8,1,vertical,1200,0.0,0.0,0.0,0.0,0.0,0.0,0.0,0.0,0.0,40000.0,0.0,0.0,0.0,0.0,0.0,0.0,0.0,0.0,40000.0,0.0,0.0,0.0,0.0,0.0,0.0,0.0,0.0,760000.0,0.0,80000.0,0.0,0.0,0.0,0.0,0.0,0.0,40000.0,0.0,0.0,0.0,0.0,0.0,0.0,80000.0,0.0,3120000.0,480000.0,0.0,0.0,0.0,0.0,0.0,0.0,480000.0,1160000.0,0.0,0.0,0.0,0.0,0.0,0.0,0.0,0.0,370360000.0
79,6,0.8,2,h and v,7200,0.0,0.0,0.0,0.0,0.0,0.0,0.0,0.0,0.0,0.0,0.0,0.0,0.0,0.0,0.0,0.0,0.0,0.0,120000.0,120000.0,0.0,200000.0,80000.0,0.0,0.0,0.0,120000.0,9360000.0,0.0,7080000.0,1320000.0,0.0,0.0,0.0,0.0,0.0,40000.0,0.0,0.0,0.0,0.0,0.0,200000.0,7080000.0,0.0,11760000.0,2800000.0,0.0,0.0,0.0,80000.0,1320000.0,0.0,2800000.0,5600000.0,0.0,0.0,0.0,0.0,0.0,0.0,0.0,0.0,517440000.0
80,6,0.8,3,random p=0.0,200,0.0,0.0,0.0,0.0,0.0,0.0,0.0,0.0,0.0,40000.0,0.0,0.0,0.0,0.0,0.0,0.0,0.0,0.0,40000.0,0.0,0.0,0.0,0.0,0.0,0.0,0.0,0.0,80000.0,0.0,40000.0,0.0,0.0,0.0,0.0,0.0,0.0,0.0,0.0,0.0,0.0,0.0,0.0,0.0,40000.0,0.0,80000.0,0.0,0.0,0.0,0.0,0.0,0.0,0.0,0.0,0.0,0.0,0.0,0.0,0.0,0.0,0.0,0.0,0.0,45920000.0
81,6,0.8,4,random p=0.1,200,0.0,0.0,0.0,0.0,0.0,0.0,0.0,0.0,0.0,40000.0,0.0,0.0,0.0,0.0,0.0,0.0,0.0,0.0,0.0,0.0,0.0,0.0,0.0,0.0,0.0,0.0,0.0,200000.0,0.0,0.0,0.0,0.0,0.0,0.0,0.0,0.0,0.0,0.0,0.0,0.0,0.0,0.0,0.0,0.0,0.0,120000.0,0.0,0.0,0.0,0.0,0.0,0.0,0.0,0.0,240000.0,0.0,0.0,0.0,0.0,0.0,0.0,0.0,0.0,28280000.0
82,6,0.8,5,random p=0.2,200,0.0,0.0,0.0,0.0,0.0,0.0,0.0,0.0,0.0,40000.0,0.0,0.0,0.0,0.0,0.0,0.0,0.0,0.0,0.0,0.0,0.0,0.0,0.0,0.0,0.0,0.0,0.0,200000.0,0.0,0.0,0.0,0.0,0.0,0.0,0.0,0.0,40000.0,0.0,0.0,0.0,0.0,0.0,0.0,0.0,0.0,80000.0,0.0,0.0,0.0,0.0,0.0,0.0,0.0,0.0,40000.0,0.0,0.0,0.0,0.0,0.0,0.0,0.0,0.0,51680000.0
83,6,0.8,6,random p=0.30000000000000004,200,0.0,0.0,0.0,0.0,0.0,0.0,0.0,0.0,0.0,0.0,0.0,0.0,0.0,0.0,0.0,0.0,0.0,0.0,0.0,0.0,0.0,0.0,0.0,0.0,0.0,0.0,0.0,200000.0,0.0,40000.0,40000.0,0.0,0.0,0.0,0.0,0.0,0.0,0.0,0.0,0.0,0.0,0.0,0.0,40000.0,0.0,120000.0,0.0,0.0,0.0,0.0,0.0,40000.0,0.0,0.0,160000.0,0.0,0.0,0.0,0.0,0.0,0.0,0.0,0.0,64000000.0
84,6,0.8,7,random p=0.4,200,0.0,0.0,0.0,0.0,0.0,0.0,0.0,0.0,0.0,0.0,0.0,0.0,0.0,0.0,0.0,0.0,0.0,0.0,0.0,0.0,0.0,0.0,0.0,0.0,0.0,0.0,0.0,0.0,0.0,0.0,0.0,0.0,0.0,0.0,0.0,0.0,0.0,0.0,0.0,0.0,0.0,0.0,0.0,0.0,0.0,0.0,0.0,0.0,0.0,0.0,0.0,0.0,0.0,0.0,0.0,0.0,0.0,0.0,0.0,0.0,0.0,0.0,0.0,207360000.0
85,6,0.8,8,random p=0.5,200,0.0,0.0,0.0,0.0,0.0,0.0,0.0,0.0,0.0,0.0,0.0,0.0,0.0,0.0,0.0,0.0,0.0,0.0,0.0,0.0,0.0,0.0,0.0,0.0,0.0,0.0,0.0,160000.0,0.0,40000.0,40000.0,0.0,0.0,0.0,0.0,0.0,0.0,0.0,0.0,0.0,0.0,0.0,0.0,40000.0,0.0,120000.0,0.0,0.0,0.0,0.0,0.0,40000.0,0.0,0.0,200000.0,0.0,0.0,0.0,0.0,0.0,0.0,0.0,0.0,40720000.0
86,6,0.8,9,random p=0.6000000000000001,200,0.0,0.0,0.0,0.0,0.0,0.0,0.0,0.0,0.0,40000.0,0.0,0.0,0.0,0.0,0.0,0.0,0.0,0.0,0.0,0.0,0.0,0.0,0.0,0.0,0.0,0.0,0.0,40000.0,0.0,0.0,0.0,0.0,0.0,0.0,0.0,0.0,40000.0,0.0,0.0,0.0,0.0,0.0,0.0,0.0,0.0,80000.0,0.0,0.0,0.0,0.0,0.0,0.0,0.0,0.0,200000.0,0.0,0.0,0.0,0.0,0.0,0.0,0.0,0.0,43280000.0
87,6,0.8,10,random p=0.7000000000000001,200,0.0,0.0,0.0,0.0,0.0,0.0,0.0,0.0,0.0,40000.0,0.0,0.0,0.0,0.0,0.0,0.0,0.0,0.0,40000.0,0.0,0.0,0.0,0.0,0.0,0.0,0.0,0.0,80000.0,0.0,40000.0,0.0,0.0,0.0,0.0,0.0,0.0,0.0,0.0,0.0,0.0,0.0,0.0,0.0,40000.0,0.0,40000.0,0.0,0.0,0.0,0.0,0.0,0.0,0.0,0.0,40000.0,0.0,0.0,0.0,0.0,0.0,0.0,0.0,0.0,81040000.0
88,6,0.9,0,horizontal,1200,0.0,0.0,0.0,0.0,0.0,0.0,0.0,0.0,0.0,0.0,0.0,0.0,0.0,0.0,0.0,0.0,0.0,0.0,0.0,0.0,0.0,0.0,0.0,0.0,0.0,0.0,0.0,1240000.0,0.0,160000.0,80000.0,0.0,0.0,0.0,0.0,0.0,0.0,0.0,0.0,0.0,0.0,0.0,0.0,160000.0,0.0,880000.0,0.0,0.0,0.0,0.0,0.0,80000.0,0.0,0.0,1320000.0,0.0,0.0,0.0,0.0,0.0,0.0,0.0,0.0,64560000.0
89,6,0.9,1,vertical,1200,0.0,0.0,0.0,0.0,0.0,0.0,0.0,0.0,0.0,0.0,0.0,0.0,0.0,0.0,0.0,0.0,0.0,0.0,0.0,0.0,0.0,0.0,0.0,0.0,0.0,0.0,0.0,640000.0,0.0,80000.0,0.0,0.0,0.0,0.0,0.0,0.0,0.0,0.0,0.0,0.0,0.0,0.0,0.0,80000.0,0.0,3360000.0,520000.0,0.0,0.0,0.0,0.0,0.0,0.0,520000.0,1360000.0,0.0,0.0,0.0,0.0,0.0,0.0,0.0,0.0,317840000.0
90,6,0.9,2,h and v,7200,0.0,0.0,0.0,0.0,0.0,0.0,0.0,0.0,0.0,0.0,0.0,0.0,0.0,0.0,0.0,0.0,0.0,0.0,0.0,0.0,0.0,0.0,0.0,0.0,0.0,0.0,0.0,17280000.0,40000.0,14680000.0,2480000.0,0.0,0.0,0.0,0.0,40000.0,40000.0,40000.0,0.0,0.0,0.0,0.0,0.0,14680000.0,40000.0,22480000.0,5320000.0,0.0,0.0,0.0,0.0,2480000.0,0.0,5320000.0,9120000.0,0.0,0.0,0.0,0.0,0.0,0.0,0.0,0.0,976600000.0
91,6,0.9,3,random p=0.0,200,0.0,0.0,0.0,0.0,0.0,0.0,0.0,0.0,0.0,0.0,0.0,0.0,0.0,0.0,0.0,0.0,0.0,0.0,0.0,0.0,0.0,0.0,0.0,0.0,0.0,0.0,0.0,0.0,0.0,0.0,0.0,0.0,0.0,0.0,0.0,0.0,0.0,0.0,0.0,0.0,0.0,0.0,0.0,0.0,0.0,0.0,0.0,0.0,0.0,0.0,0.0,0.0,0.0,0.0,0.0,0.0,0.0,0.0,0.0,0.0,0.0,0.0,0.0,207360000.0
92,6,0.9,4,random p=0.1,200,0.0,0.0,0.0,0.0,0.0,0.0,0.0,0.0,0.0,0.0,0.0,0.0,0.0,0.0,0.0,0.0,0.0,0.0,0.0,0.0,0.0,0.0,0.0,0.0,0.0,0.0,0.0,200000.0,0.0,40000.0,0.0,0.0,0.0,0.0,0.0,0.0,0.0,0.0,0.0,0.0,0.0,0.0,0.0,40000.0,0.0,160000.0,0.0,0.0,0.0,0.0,0.0,0.0,0.0,0.0,120000.0,0.0,0.0,0.0,0.0,0.0,0.0,0.0,0.0,47760000.0
93,6,0.9,5,random p=0.2,200,0.0,0.0,0.0,0.0,0.0,0.0,0.0,0.0,0.0,40000.0,0.0,0.0,0.0,0.0,0.0,0.0,0.0,0.0,40000.0,0.0,0.0,0.0,0.0,0.0,0.0,0.0,0.0,40000.0,0.0,0.0,0.0,0.0,0.0,0.0,0.0,0.0,0.0,0.0,0.0,0.0,0.0,0.0,0.0,0.0,0.0,40000.0,40000.0,0.0,0.0,0.0,0.0,0.0,0.0,40000.0,80000.0,0.0,0.0,0.0,0.0,0.0,0.0,0.0,0.0,95200000.0
94,6,0.9,6,random p=0.30000000000000004,200,0.0,0.0,0.0,0.0,0.0,0.0,0.0,0.0,0.0,0.0,0.0,0.0,0.0,0.0,0.0,0.0,0.0,0.0,0.0,0.0,0.0,0.0,0.0,0.0,0.0,0.0,0.0,200000.0,0.0,0.0,0.0,0.0,0.0,0.0,0.0,0.0,0.0,0.0,0.0,0.0,0.0,0.0,0.0,0.0,0.0,160000.0,40000.0,0.0,0.0,0.0,0.0,0.0,0.0,40000.0,280000.0,0.0,0.0,0.0,0.0,0.0,0.0,0.0,0.0,29280000.0
95,6,0.9,7,random p=0.4,200,0.0,0.0,0.0,0.0,0.0,0.0,0.0,0.0,0.0,40000.0,0.0,0.0,0.0,0.0,0.0,0.0,0.0,0.0,0.0,0.0,0.0,0.0,0.0,0.0,0.0,0.0,0.0,120000.0,0.0,0.0,0.0,0.0,0.0,0.0,0.0,0.0,40000.0,0.0,0.0,0.0,0.0,0.0,0.0,0.0,0.0,40000.0,0.0,0.0,0.0,0.0,0.0,0.0,0.0,0.0,80000.0,0.0,0.0,0.0,0.0,0.0,0.0,0.0,0.0,43120000.0
96,6,0.9,8,random p=0.5,200,0.0,0.0,0.0,0.0,0.0,0.0,0.0,0.0,0.0,0.0,0.0,0.0,0.0,0.0,0.0,0.0,0.0,0.0,0.0,0.0,0.0,0.0,0.0,0.0,0.0,0.0,0.0,0.0,0.0,0.0,0.0,0.0,0.0,0.0,0.0,0.0,0.0,0.0,0.0,0.0,0.0,0.0,0.0,0.0,0.0,0.0,0.0,0.0,0.0,0.0,0.0,0.0,0.0,0.0,0.0,0.0,0.0,0.0,0.0,0.0,0.0,0.0,0.0,207360000.0
97,6,0.9,9,random p=0.6000000000000001,200,0.0,0.0,0.0,0.0,0.0,0.0,0.0,0.0,0.0,0.0,0.0,0.0,0.0,0.0,0.0,0.0,0.0,0.0,0.0,0.0,0.0,0.0,0.0,0.0,0.0,0.0,0.0,160000.0,0.0,40000.0,0.0,0.0,0.0,0.0,0.0,0.0,0.0,0.0,0.0,0.0,0.0,0.0,0.0,40000.0,0.0,160000.0,0.0,0.0,0.0,0.0,0.0,0.0,0.0,0.0,160000.0,0.0,0.0,0.0,0.0,0.0,0.0,0.0,0.0,58880000.0
98,6,0.9,10,random p=0.7000000000000001,200,0.0,0.0,0.0,0.0,0.0,0.0,0.0,0.0,0.0,40000.0,0.0,0.0,0.0,0.0,0.0,0.0,0.0,0.0,40000.0,0.0,0.0,0.0,0.0,0.0,0.0,0.0,0.0,80000.0,0.0,40000.0,0.0,0.0,0.0,0.0,0.0,0.0,0.0,0.0,0.0,0.0,0.0,0.0,0.0,40000.0,0.0,40000.0,0.0,0.0,0.0,0.0,0.0,0.0,0.0,0.0,40000.0,0.0,0.0,0.0,0.0,0.0,0.0,0.0,0.0,43600000.0
